{"val_binary_loss":0.07610844534177047,"train_binary_loss":0.04799508066171437,"_wandb":{"runtime":3519},"_step":89,"epoch":30,"_timestamp":1.7400559252010539e+09,"val_total_loss":0.9798279748513148,"train_instance_loss":0.12316249599170626,"val_instance_loss":0.9037195247812913,"visualization":{"_type":"image-file","sha256":"323ae9d69bc83b08e056217dfeb173a6440ad8192d33baacbabc4a95a4d60993","size":157793,"path":"media/images/visualization_87_323ae9d69bc83b08e056.png","format":"png","width":2048,"height":256,"caption":"Epoch 30 - Batch 0"},"_runtime":3519.021768069,"train_total_loss":0.08557878830354308}