{"train_instance_loss":0.24171750219677812,"train_total_loss":0.14872093723892277,"epoch":25,"val_total_loss":1.1009025353078659,"visualization":{"height":256,"caption":"Epoch 25 - Batch 0","_type":"image-file","sha256":"44126dc39154ba78d29e2fb184239eb2552fcc6a8119eb939a81b3271ba02693","size":99097,"path":"media/images/visualization_72_44126dc39154ba78d29e.png","format":"png","width":2048},"_runtime":2953.807127839,"train_binary_loss":0.05572437178065528,"_wandb":{"runtime":2954},"_step":74,"val_instance_loss":1.0272372919492996,"val_binary_loss":0.07366524113772008,"_timestamp":1.740023250858284e+09}