{"val_binary_loss":0.10803585671461545,"_runtime":2598.329642674,"train_instance_loss":0.6669473587280482,"epoch":22,"_wandb":{"runtime":2639},"visualization":{"height":256,"caption":"Epoch 23 - Batch 0","_type":"image-file","sha256":"90a518042ddea45fc1fab83e32a8e6568f9558c8ccb13dcf4f840fa7158f4390","size":157075,"path":"media/images/visualization_66_90a518042ddea45fc1fa.png","format":"png","width":2048},"val_instance_loss":1.2291086522432475,"val_total_loss":1.3371445020804038,"train_binary_loss":0.10519443172498129,"_timestamp":1.7399395539254806e+09,"train_total_loss":0.5265091263981008,"_step":66}