{"_runtime":2473.453310876,"val_binary_loss":0.07822655521046656,"train_binary_loss":0.06072391147044168,"visualization":{"sha256":"04512cf0b660ebbefdff04f29c25d4994054fa690cde148f1112818002447420","size":125259,"path":"media/images/visualization_63_04512cf0b660ebbefdff.png","format":"png","width":2048,"height":256,"caption":"Epoch 22 - Batch 0","_type":"image-file"},"val_total_loss":1.1179761491142786,"val_instance_loss":1.0397495984887848,"_step":63,"_timestamp":1.7399505820322292e+09,"train_total_loss":0.23414908885140323,"_wandb":{"runtime":2481},"train_instance_loss":0.29195748126847826,"epoch":21}