{"val_instance_loss":0.9708793375354546,"visualization":{"caption":"Epoch 21 - Batch 0","_type":"image-file","sha256":"288c4a28149e6d7b1f5a3e548b43c2e63bf582b2135b89879113335b2a92145a","size":173118,"path":"media/images/visualization_60_288c4a28149e6d7b1f5a.png","format":"png","width":2048,"height":256},"val_total_loss":1.0511046444567351,"train_total_loss":0.25244172716244534,"_timestamp":1.7399531133967514e+09,"train_binary_loss":0.06177895219616629,"epoch":20,"train_instance_loss":0.31599598541040325,"_wandb":{"runtime":2380},"_runtime":2357.699754547,"_step":60,"val_binary_loss":0.08022529459916629}