{"val_instance_loss":0.832270687732559,"visualization":{"size":165102,"path":"media/images/visualization_72_a0fb7f958ed005fdaa96.png","format":"png","width":2048,"height":256,"caption":"Epoch 25 - Batch 0","_type":"image-file","sha256":"a0fb7f958ed005fdaa96d93756b86ce0487914c18367ad91e9ec8e758b3b11e9"},"_runtime":2943.470309565,"epoch":25,"train_total_loss":0.0756410477099134,"train_instance_loss":0.08219507565972076,"train_binary_loss":0.05597896325350994,"val_binary_loss":0.075543223020549,"val_total_loss":0.9078139070994579,"_timestamp":1.73994255434795e+09,"_wandb":{"runtime":2943},"_step":74}