{"train_instance_loss":0.20843659804679862,"train_binary_loss":0.05052173172878982,"train_total_loss":0.1294791648043922,"epoch":25,"_timestamp":1.7400522146287076e+09,"_wandb":{"runtime":2939},"val_instance_loss":1.1550295466127305,"visualization":{"path":"media/images/visualization_72_e5c19a2b48e6fedca2f7.png","format":"png","width":2048,"height":256,"caption":"Epoch 25 - Batch 0","_type":"image-file","sha256":"e5c19a2b48e6fedca2f75c432071fac64623cc59d06a26971321cd9cb00ada45","size":131411},"val_binary_loss":0.07608245542416206,"val_total_loss":1.2311120016070514,"_runtime":2939.796845028,"_step":74}