{"train_total_loss":1.7966549016943025,"train_binary_loss":0.34280928524572457,"val_binary_loss":0.31846506549761844,"_wandb":{"runtime":680},"val_instance_loss":3.1678151946801405,"val_total_loss":3.486280267055218,"visualization":{"sha256":"16bc9b7d29c5aaef3e66faacebd01137a33dd4104927c01dc64502096d63a756","size":179911,"path":"media/images/visualization_15_16bc9b7d29c5aaef3e66.png","format":"png","width":2048,"height":256,"caption":"Epoch 6 - Batch 0","_type":"image-file"},"_timestamp":1.740030736853718e+09,"epoch":5,"train_instance_loss":3.2505005153257454,"_runtime":588.830126758,"_step":15}