{"_wandb":{"runtime":1311},"_runtime":1294.710851392,"_step":33,"train_binary_loss":0.0488364051249045,"val_instance_loss":0.7418530959671793,"epoch":11,"train_total_loss":0.049256246960930415,"val_binary_loss":0.076413894788577,"visualization":{"_type":"image-file","sha256":"eba2b6ac331ffb89ba0b99843e736bac2a2bd41668378f07834eebc3fef2445e","size":130526,"path":"media/images/visualization_33_eba2b6ac331ffb89ba0b.png","format":"png","width":2048,"height":256,"caption":"Epoch 12 - Batch 0"},"train_instance_loss":0.049361206241304155,"val_total_loss":0.8182669944631366,"_timestamp":1.7399330162605226e+09}