{"visualization":{"size":141322,"path":"media/images/visualization_72_b4b6e23251d1ff965698.png","format":"png","width":2048,"height":256,"caption":"Epoch 25 - Batch 0","_type":"image-file","sha256":"b4b6e23251d1ff965698475d1f157fd2501bc5a9471ff9d094aae63e58c62ea9"},"_timestamp":1.7399361293735833e+09,"train_total_loss":0.07754313411070636,"val_binary_loss":0.07603109112152687,"_step":74,"train_binary_loss":0.04452403730235586,"_runtime":2941.48074857,"_wandb":{"runtime":2941},"epoch":25,"val_instance_loss":0.9080795794904518,"val_total_loss":0.9841106665105774,"train_instance_loss":0.08854949944861122}