{"_wandb":{"runtime":2593},"train_total_loss":0.20188929540897482,"val_instance_loss":1.054484859825327,"val_binary_loss":0.07996338713341035,"val_total_loss":1.1344482458841343,"train_binary_loss":0.06612124300529411,"epoch":22,"_step":66,"_timestamp":1.740035672825573e+09,"visualization":{"sha256":"961f61f1a3bec84c3e864a8c7550a14de84927d95f1be5618633cb2db475c91e","size":147142,"path":"media/images/visualization_66_961f61f1a3bec84c3e86.png","format":"png","width":2048,"height":256,"caption":"Epoch 23 - Batch 0","_type":"image-file"},"_runtime":2588.414385741,"train_instance_loss":0.33765734821113186}