{"val_binary_loss":0.07484545522870925,"epoch":25,"_step":74,"_wandb":{"runtime":2943},"train_instance_loss":0.16379944788783196,"_runtime":2942.94721525,"train_binary_loss":0.04789875747997369,"val_total_loss":1.1031101295867791,"_timestamp":1.7400492253639596e+09,"train_total_loss":0.10584910270475333,"visualization":{"caption":"Epoch 25 - Batch 0","_type":"image-file","sha256":"d7c652d4e333e2f081758d2e1e95c15bdce96dcf3a3d0059fd3ecee1b04a8452","size":144453,"path":"media/images/visualization_72_d7c652d4e333e2f08175.png","format":"png","width":2048,"height":256},"val_instance_loss":1.0282646705611393}