{"epoch":15,"_timestamp":1.740027363634293e+09,"train_total_loss":0.8346905502217326,"val_total_loss":2.20683609522306,"_runtime":1766.195726387,"val_instance_loss":2.039187328173564,"_wandb":{"runtime":1766},"_step":44,"train_binary_loss":0.1740972274052563,"val_binary_loss":0.16764876160484093,"visualization":{"size":255696,"path":"media/images/visualization_42_5deb43e7afe3c01c63ca.png","format":"png","width":2048,"height":256,"caption":"Epoch 15 - Batch 0","_type":"image-file","sha256":"5deb43e7afe3c01c63ca87beee7950623d4e3a03e0f699c28a58d4c97bcf7a3a"},"train_instance_loss":1.495283870554682}