{"train_binary_loss":0.051732619677610066,"train_total_loss":0.08561082084232302,"epoch":25,"val_instance_loss":0.9117921519881258,"_timestamp":1.7400386359526107e+09,"visualization":{"caption":"Epoch 25 - Batch 0","_type":"image-file","sha256":"efc743db49557f2dcf5b5cea0ee78c9321323d042db409c0e3e99988f5ba13db","size":140419,"path":"media/images/visualization_72_efc743db49557f2dcf5b.png","format":"png","width":2048,"height":256},"_runtime":2944.117733432,"val_binary_loss":0.07778097252146556,"_step":74,"val_total_loss":0.9895731302408072,"_wandb":{"runtime":2944},"train_instance_loss":0.11948902230820994}