{"val_instance_loss":1.1562705011321948,"_step":54,"visualization":{"size":160548,"path":"media/images/visualization_54_f62b08aef65bc289db52.png","format":"png","width":2048,"height":256,"caption":"Epoch 19 - Batch 0","_type":"image-file","sha256":"f62b08aef65bc289db52eb4c336277009c65ac8f883ed1e8f2b0bc90eccf2cbe"},"epoch":18,"_wandb":{"runtime":2128},"train_total_loss":0.19026660696784062,"_runtime":2112.164227175,"train_instance_loss":0.3243486591943757,"_timestamp":1.7400431611980708e+09,"val_binary_loss":0.07555372819591027,"train_binary_loss":0.05618455480617374,"val_total_loss":1.2318242203730803}