{"val_binary_loss":0.082978689040129,"train_instance_loss":0.6323055773232114,"val_instance_loss":1.3848520918534353,"_wandb":{"runtime":1762},"_runtime":1761.88669106,"_timestamp":1.740025502302423e+09,"epoch":15,"_step":44,"train_total_loss":0.4360003435048298,"train_binary_loss":0.07143352714492314,"val_total_loss":1.4678307817532465,"visualization":{"format":"png","width":2048,"height":256,"caption":"Epoch 15 - Batch 0","_type":"image-file","sha256":"fe863647915644136c5c5b43c0d8b2aba630982623d77222f5dae48344057aa6","size":173244,"path":"media/images/visualization_42_fe863647915644136c5c.png"}}