{"val_binary_loss":0.6841992105428989,"epoch":2,"_runtime":237.460741164,"train_binary_loss":0.7237865036696344,"val_total_loss":9.283521358783428,"_wandb":{"runtime":244},"train_instance_loss":8.83614085800019,"_step":6,"train_total_loss":6.808052259891188,"_timestamp":1.7400202809939024e+09,"val_instance_loss":8.599322153971745,"visualization":{"sha256":"02120021bfd0aaeb58903fb01ff835dc4826a36a2e17057fdd604dc40aa931e4","size":218794,"path":"media/images/visualization_6_02120021bfd0aaeb5890.png","format":"png","width":2048,"height":256,"caption":"Epoch 3 - Batch 0","_type":"image-file"}}