{"val_instance_loss":0.8649074241805536,"_step":74,"visualization":{"sha256":"64ecb9b0539850f0e5c59ae5798b1e2eca4788b9ffd8ad0cf70ae19de2df292f","size":193937,"path":"media/images/visualization_72_64ecb9b0539850f0e5c5.png","format":"png","width":2048,"height":256,"caption":"Epoch 25 - Batch 0","_type":"image-file"},"val_binary_loss":0.07527781915492736,"train_binary_loss":0.053512184338560746,"_timestamp":1.7399455853639548e+09,"_runtime":2942.395339469,"train_total_loss":0.10325829880265751,"_wandb":{"runtime":2942},"val_total_loss":0.9401852422608779,"epoch":25,"train_instance_loss":0.13004467295325217}