{"train_instance_loss":0.21048104661095202,"_step":60,"_runtime":2354.546199537,"epoch":20,"val_instance_loss":0.9073156419998178,"_timestamp":1.7399480159894874e+09,"train_binary_loss":0.057806722551065295,"visualization":{"size":169791,"path":"media/images/visualization_60_78ae2534d621dccfa7af.png","format":"png","width":2048,"height":256,"caption":"Epoch 21 - Batch 0","_type":"image-file","sha256":"78ae2534d621dccfa7af72fb5e5462ad02bbc5b8db8faab79720b08d795fb43f"},"train_total_loss":0.1570450272318439,"val_binary_loss":0.07925932926054184,"val_total_loss":0.9865749667470272,"_wandb":{"runtime":2392}}