{"_wandb":{"runtime":2219},"visualization":{"sha256":"7fcb0f00d871407b1fe866dc1c5e7b196b2fb39d7a0c9e95bac9605c902bacf5","size":127848,"path":"media/images/visualization_54_7fcb0f00d871407b1fe8.png","format":"png","width":2048,"height":256,"caption":"Epoch 19 - Batch 0","_type":"image-file"},"train_instance_loss":0.40052931474067677,"train_total_loss":0.23781428756702006,"_timestamp":1.7400329578209815e+09,"val_total_loss":0.9711632613952343,"val_instance_loss":0.8865595064484156,"val_binary_loss":0.08460375458861773,"train_binary_loss":0.07509926039336333,"epoch":18,"_runtime":2118.317994843,"_step":54}