{"_timestamp":1.7400301194327762e+09,"_runtime":2703.623618625,"train_instance_loss":0.5856275969921653,"val_instance_loss":1.0664305026428058,"_wandb":{"runtime":2727},"train_binary_loss":0.08164063885585586,"_step":69,"train_total_loss":0.30843476372868267,"val_binary_loss":0.09298668371943328,"epoch":23,"visualization":{"path":"media/images/visualization_69_4098cff8adf042b67fda.png","format":"png","width":2048,"height":256,"caption":"Epoch 24 - Batch 0","_type":"image-file","sha256":"4098cff8adf042b67fda1cb4d1383d040ec780a11dec856d467b45d454502780","size":180943},"val_total_loss":1.1594171873652017}