{"train_instance_loss":0.09926048245985265,"val_binary_loss":0.07751402086936511,"_timestamp":1.7400461325260482e+09,"_runtime":2941.972789299,"val_total_loss":0.9329240661687576,"_wandb":{"runtime":2942},"visualization":{"width":2048,"height":256,"caption":"Epoch 25 - Batch 0","_type":"image-file","sha256":"5b180088bea9790082e32514e30a70d49d4555d3a56d7e27ee6fbc5a2d1bdd21","size":182688,"path":"media/images/visualization_72_5b180088bea9790082e3.png","format":"png"},"_step":74,"train_binary_loss":0.052207813964257783,"train_total_loss":0.07573414826533985,"epoch":25,"val_instance_loss":0.8554100439740489}